epoch,precision,recall,ndcg,mrr
0,0.0002889352027283062,0.0005239388798483326,0.00046471697161126887,0.0012182179860796758
