epoch,precision,recall,ndcg,mrr
0,0.0002376304845964521,0.00030214072416005175,0.00030077681070622003,0.0008581410195255927
