epoch,precision,recall,ndcg,mrr
0,0.0001875544242749009,0.0005374940775551192,0.0004082861600899296,0.0008072881685561687
